Generation,Average Fitness,Best Fitness,Worst Fitness
0,-468.93,-171.43,-858.52
1,-218.35,-84.07,-464.68
2,-149.83,-32.27,-326.78
3,-92.76,-12.01,-397.70
4,-61.18,-0.37,-306.88
5,-21.34,2.35,-259.12
6,-12.28,2.70,-265.23
7,-10.23,2.85,-268.71
8,-7.62,2.90,-164.48
9,-4.09,3.70,-89.32
10,-5.94,3.60,-265.76
11,-12.05,3.50,-346.35
12,-3.45,3.50,-161.54
13,-3.33,5.10,-187.10
14,-2.91,4.95,-256.65
15,-0.83,6.40,-94.55
16,-2.87,7.80,-244.85
17,-2.64,7.60,-188.65
18,-0.61,9.20,-275.35
19,-2.59,10.80,-325.10
20,-3.86,10.15,-283.20
21,1.48,10.90,-292.25
22,-0.78,11.50,-213.90
23,1.26,13.05,-293.05
24,2.71,12.50,-169.95
25,1.42,12.50,-302.35
26,1.87,15.65,-169.60
27,-1.31,16.25,-293.10
28,-1.31,17.55,-315.65
29,0.59,18.45,-553.55
30,3.03,19.30,-236.83
31,1.98,20.40,-176.60
32,2.15,21.30,-257.41
33,1.80,22.65,-365.20
34,2.84,22.50,-264.15
35,2.96,22.70,-323.80
36,-0.52,24.05,-304.15
37,-1.21,25.60,-320.50
38,-1.30,23.10,-301.65
39,2.18,24.55,-306.55
40,1.04,23.95,-313.35
41,2.95,25.10,-267.70
42,4.97,24.80,-242.81
43,5.70,26.30,-354.12
44,9.79,28.50,-221.71
45,-2.16,26.35,-364.80
46,9.13,27.90,-406.45
47,9.03,29.10,-322.60
48,3.74,30.90,-546.30
49,13.98,30.95,-220.60
50,12.53,35.00,-399.02
51,11.70,34.05,-266.75
52,9.33,34.65,-373.05
53,11.11,42.60,-444.75
54,12.25,37.95,-262.95
55,15.10,37.20,-347.30
56,11.14,36.70,-321.85
57,4.52,37.36,-453.81
58,20.31,41.80,-315.00
59,11.17,38.02,-430.55
60,17.18,45.50,-444.00
61,15.03,41.15,-338.30
62,20.79,44.20,-264.82
63,10.74,45.30,-290.75
64,19.81,48.09,-272.75
65,12.61,50.70,-394.55
66,20.78,51.71,-301.85
67,13.94,51.80,-425.82
68,22.17,48.51,-501.35
69,22.05,54.00,-357.95
70,30.42,57.85,-224.34
71,22.72,57.00,-513.95
72,28.90,53.80,-457.25
73,25.11,53.90,-313.40
74,27.77,62.35,-303.97
75,20.69,56.53,-346.40
76,20.57,55.71,-322.32
77,31.66,58.15,-294.70
78,25.09,58.80,-297.85
79,26.30,58.65,-334.90
80,31.30,59.30,-490.40
81,26.60,59.68,-378.25
82,24.22,60.50,-379.70
83,35.47,62.95,-275.58
84,35.10,71.95,-280.90
85,39.44,84.04,-232.79
86,45.56,118.83,-410.80
87,45.58,123.82,-386.86
88,71.28,135.01,-589.55
89,80.36,132.28,-352.33
90,80.64,137.69,-354.46
91,76.95,148.88,-508.34
92,80.49,170.36,-622.21
93,103.88,176.94,-401.54
94,113.29,188.68,-400.33
95,123.14,176.16,-550.37
96,118.41,180.12,-725.20
97,126.18,192.46,-280.16
98,125.04,189.57,-560.55
99,116.65,204.32,-556.10
100,131.90,202.69,-383.89
101,124.92,199.19,-809.10
102,140.96,215.53,-421.62
103,149.95,220.07,-582.43
104,155.24,228.54,-683.70
105,155.39,235.39,-778.40
106,153.89,231.27,-600.35
107,161.78,238.06,-544.00
108,166.16,244.91,-592.70
109,188.86,245.70,-413.71
110,174.72,264.25,-636.35
111,180.70,262.98,-544.87
112,179.53,266.48,-743.45
113,182.39,268.35,-789.05
114,181.64,274.55,-799.60
115,184.08,281.92,-771.10
116,187.48,286.95,-542.20
117,186.10,298.50,-761.05
118,218.45,298.45,-500.35
119,207.98,297.15,-680.54
120,235.17,304.80,-502.95
121,230.52,319.80,-775.95
122,214.52,312.45,-835.70
123,212.98,312.00,-731.90
124,216.79,320.74,-525.80
125,215.01,321.83,-839.55
126,250.05,331.12,-618.65
127,228.91,341.83,-820.45
128,221.22,345.65,-830.90
129,253.76,343.23,-611.55
130,252.15,340.25,-234.05
131,279.25,353.55,-527.90
132,241.73,360.61,-878.80
133,241.86,356.50,-740.44
134,255.03,354.10,-641.55
135,269.51,359.05,-163.39
136,272.94,359.43,-707.55
137,266.47,360.50,-754.00
138,250.04,364.40,-826.10
139,261.39,363.30,-745.80
140,266.17,370.90,-819.95
141,289.51,365.05,-517.00
142,254.43,365.80,-712.25
143,279.43,365.85,-599.25
144,262.98,368.15,-734.20
145,255.44,368.95,-837.10
146,271.82,373.45,-813.65
147,275.99,368.15,-784.53
148,274.77,372.90,-698.80
149,279.23,373.45,-846.45
150,289.09,387.65,-850.45
151,283.81,375.55,-803.65
152,297.44,385.15,-705.40
153,283.85,384.25,-709.72
154,294.44,388.95,-579.20
155,321.34,396.80,-193.01
156,286.02,394.85,-704.45
157,299.95,395.20,-506.45
158,285.84,391.50,-573.40
159,306.44,394.80,-804.80
160,290.35,394.45,-838.10
161,282.04,400.25,-833.25
162,322.54,396.50,-491.35
163,286.53,400.85,-874.60
164,284.46,399.45,-648.30
165,319.46,400.05,-426.20
166,284.14,400.25,-823.15
167,280.89,407.40,-824.15
168,308.02,405.75,-829.20
169,289.84,405.25,-833.60
170,304.46,406.50,-829.00
171,298.28,405.25,-818.55
172,316.67,407.45,-745.46
173,330.89,408.55,-576.95
174,301.43,407.65,-892.65
175,311.31,406.50,-612.60
176,290.61,409.95,-883.55
177,304.20,410.80,-826.35
178,333.50,409.60,-117.45
179,304.34,411.75,-907.90
180,313.80,411.50,-579.95
181,317.95,409.40,-885.10
182,335.54,418.75,-127.24
183,307.52,415.85,-831.70
184,313.61,414.15,-676.64
185,322.05,416.15,-791.65
186,318.32,416.40,-819.30
187,308.52,421.10,-796.50
188,314.56,419.55,-424.35
189,317.90,422.60,-727.20
190,305.77,418.60,-661.30
191,337.31,438.75,-320.40
192,344.53,437.40,-492.45
193,340.69,435.20,-492.45
194,340.14,434.10,-240.81
195,338.75,439.10,-814.60
196,329.68,440.95,-600.40
197,333.14,435.05,-568.35
198,328.40,438.35,-590.45
199,341.24,440.55,-815.60
200,360.28,436.00,-176.85
201,336.47,435.25,-592.65
202,321.26,436.70,-713.34
203,331.64,437.70,-805.35
204,326.56,442.65,-691.50
205,319.63,441.75,-765.30
206,321.48,437.80,-707.60
207,331.10,441.20,-614.20
208,324.72,442.60,-784.05
209,320.79,436.55,-752.20
210,321.71,440.20,-625.00
211,332.72,444.15,-783.75
212,330.03,441.05,-572.15
213,328.86,443.75,-830.85
214,338.96,443.05,-649.80
215,315.40,443.35,-697.85
216,334.92,446.55,-820.80
217,334.61,448.30,-791.70
218,338.05,443.80,-668.25
219,356.73,442.70,-636.45
220,335.07,443.45,-786.55
221,341.28,444.10,-723.65
222,353.79,451.55,-769.80
223,309.51,444.80,-733.75
224,346.00,442.35,-783.15
225,345.87,441.60,-653.35
226,329.94,444.30,-849.65
227,359.52,444.10,-588.30
228,331.80,443.25,-665.15
229,347.12,442.85,-625.70
230,342.89,445.10,-793.25
231,317.73,447.70,-790.65
232,352.63,450.15,-225.45
233,347.82,445.55,-599.00
234,335.43,446.40,-803.30
235,356.97,445.95,-684.65
236,333.79,444.00,-544.35
237,370.54,444.90,-285.60
238,354.86,444.45,-450.58
239,341.19,447.95,-809.85
240,355.47,444.65,-655.65
241,355.58,454.25,-679.20
242,356.18,446.40,-620.20
243,320.90,447.85,-782.90
244,323.54,449.45,-779.45
245,342.28,446.80,-580.20
246,328.32,449.10,-692.80
247,320.80,451.95,-646.95
248,337.58,450.65,-485.75
249,347.95,447.60,-551.10
250,328.61,447.40,-648.35
251,333.79,450.30,-637.95
252,323.48,448.90,-635.55
253,352.14,450.50,-806.55
254,334.52,448.80,-668.80
255,351.91,449.60,-739.15
256,336.44,446.05,-794.50
257,347.25,446.50,-337.50
258,353.18,447.20,-521.40
259,350.04,448.20,-813.30
260,349.49,445.60,-523.10
261,339.42,450.20,-704.70
262,336.99,447.70,-643.40
263,340.12,448.85,-500.95
264,354.76,446.10,-352.00
265,346.34,448.85,-697.61
266,329.32,446.60,-720.25
267,362.04,446.80,-48.81
268,348.45,449.10,-606.05
269,358.44,449.10,-784.30
270,348.96,449.50,-806.10
271,326.88,452.90,-750.55
272,347.93,446.95,-761.70
273,330.97,444.00,-775.10
274,338.48,450.90,-601.45
275,336.00,449.25,-756.60
276,335.07,444.55,-776.65
277,334.85,452.30,-852.75
278,347.81,447.00,-681.70
279,335.38,444.60,-431.45
280,332.21,446.80,-706.50
281,352.39,450.85,-783.30
282,347.63,447.90,-443.25
283,358.87,451.00,-424.60
284,345.81,446.95,-620.70
285,349.41,449.00,-613.11
286,332.87,454.30,-566.35
287,357.47,446.85,-478.85
288,352.64,450.00,-771.70
289,339.30,447.65,-582.10
290,353.58,449.25,-546.95
291,354.90,448.80,-737.90
292,348.35,450.80,-804.55
293,315.96,451.55,-765.70
294,344.59,447.65,-832.85
295,323.02,447.70,-573.35
296,313.62,449.20,-740.68
297,338.35,445.25,-767.25
298,334.32,446.15,-771.70
299,321.87,446.80,-770.90
300,351.87,451.90,-499.65
301,319.85,449.55,-575.90
302,343.83,456.60,-700.37
303,336.19,446.10,-790.25
304,342.40,447.55,-683.30
305,312.98,452.75,-816.20
306,344.41,450.15,-732.40
307,349.42,446.65,-672.52
308,333.80,448.00,-760.30
309,340.00,449.65,-803.60
310,331.15,451.75,-550.90
311,345.10,447.35,-710.05
312,341.07,452.95,-733.20
313,348.48,444.70,-814.45
314,336.17,448.10,-592.85
315,349.38,456.20,-637.95
316,351.85,447.95,-525.10
317,357.93,456.60,-778.54
318,346.73,447.20,-592.00
319,360.34,449.00,-442.35
320,328.91,448.65,-588.90
321,336.37,453.25,-616.35
322,335.42,451.25,-782.70
323,344.75,448.55,-226.35
324,315.03,450.70,-774.40
325,337.66,451.20,-709.30
326,325.97,448.45,-447.35
327,336.33,452.60,-770.50
328,328.11,452.70,-430.40
329,334.33,450.05,-744.75
330,352.80,451.70,-469.35
331,322.80,445.85,-716.45
332,348.41,449.25,-723.15
333,337.11,451.10,-611.12
334,333.87,450.60,-621.05
335,332.38,447.75,-769.06
336,344.37,446.90,-731.40
337,314.95,446.80,-601.10
338,348.62,449.25,-523.08
339,355.48,449.00,-560.30
340,330.97,448.10,-524.45
341,348.53,454.05,-774.95
342,343.54,450.05,-334.40
343,351.93,447.45,-346.60
344,337.33,447.05,-704.35
345,340.52,449.65,-723.65
346,326.08,460.70,-464.75
347,351.74,450.20,-772.75
348,349.41,452.05,-500.45
349,347.59,448.65,-495.25
350,330.54,447.85,-563.80
351,348.48,449.00,-392.10
352,335.58,448.60,-772.25
353,336.58,451.40,-504.25
354,356.50,449.70,-676.65
355,343.39,451.10,-366.95
356,346.70,450.85,-615.70
357,332.10,451.80,-800.60
358,342.82,454.75,-494.50
359,347.09,453.40,-629.60
360,344.17,455.10,-796.05
361,320.88,454.10,-762.55
362,365.98,451.85,-796.55
363,352.61,449.55,-585.15
364,352.52,449.40,-829.85
365,358.19,451.45,-699.35
366,344.74,452.50,-540.75
367,346.07,452.90,-346.35
368,339.83,451.10,-729.35
369,331.56,449.80,-469.70
370,333.44,450.05,-740.15
371,351.09,452.50,-586.00
372,348.53,450.60,-786.75
373,335.23,450.60,-639.65
374,336.28,451.80,-765.80
375,342.86,450.20,-615.05
376,324.15,455.25,-559.00
377,355.31,453.80,-434.70
378,303.19,449.90,-762.20
379,341.17,453.25,-468.85
380,343.29,452.35,-746.10
381,356.58,450.00,-717.07
382,349.49,451.60,-719.30
383,345.32,450.30,-435.30
384,322.10,463.10,-552.70
385,338.08,450.20,-753.65
386,325.64,454.55,-777.55
387,365.86,454.70,-493.75
388,348.18,457.60,-726.30
389,319.61,453.00,-743.90
390,333.34,453.30,-667.60
391,353.30,451.75,-228.30
392,326.49,455.95,-740.55
393,331.79,452.45,-460.95
394,345.69,457.95,-754.15
395,344.81,452.30,-667.65
396,345.15,452.90,-437.60
397,348.16,456.70,-337.55
398,351.20,453.45,-399.75
399,345.27,453.75,-480.25
400,327.76,452.55,-505.85
401,334.16,454.00,-761.50
402,351.28,456.95,-438.55
403,355.15,462.50,-591.40
404,349.41,461.95,-787.65
405,331.94,466.90,-468.05
406,359.25,468.65,-498.90
407,370.34,472.40,-481.10
408,342.60,466.50,-542.00
409,357.04,471.85,-694.85
410,336.67,467.50,-574.09
411,357.75,469.20,-606.35
412,363.66,470.55,-552.65
413,336.39,470.20,-597.30
414,355.38,471.05,-493.75
415,371.24,471.40,-475.65
416,341.72,470.85,-646.82
417,348.05,470.40,-769.75
418,333.91,469.05,-522.40
419,341.40,472.65,-703.40
420,366.05,473.35,-497.65
421,358.52,474.50,-554.12
422,354.71,471.60,-706.20
423,362.08,473.10,-661.45
424,344.60,474.45,-519.15
425,372.35,472.60,-725.15
426,348.52,474.55,-723.50
427,373.83,476.00,-520.80
428,353.94,473.15,-771.80
429,352.03,474.45,-520.50
430,357.42,475.25,-818.25
431,347.65,474.10,-824.95
432,351.65,476.10,-629.50
433,339.15,478.90,-665.20
434,334.81,475.15,-513.95
435,380.84,474.20,-840.00
436,356.46,478.30,-723.30
437,354.62,480.20,-809.95
438,359.26,481.95,-752.00
439,372.05,478.15,-671.50
440,350.06,475.95,-746.20
441,356.22,474.70,-512.82
442,353.93,475.90,-510.30
443,357.79,476.20,-693.45
444,364.75,480.80,-478.75
445,352.33,479.30,-840.65
446,347.99,484.25,-749.50
447,338.43,476.80,-918.05
448,353.95,476.60,-510.15
449,360.91,484.50,-811.05
450,367.60,476.50,-418.25
451,336.56,477.10,-865.00
452,362.48,477.70,-472.80
453,349.64,479.80,-543.10
454,346.55,478.40,-446.21
455,380.34,482.30,-761.05
456,367.64,484.20,-862.10
457,354.16,480.70,-747.66
458,364.26,478.05,-498.05
459,341.48,476.40,-813.80
460,363.32,480.40,-680.65
461,361.39,481.60,-513.20
462,355.06,481.90,-506.15
463,351.86,487.00,-677.15
464,352.67,480.80,-785.00
465,356.80,478.80,-724.10
466,341.01,480.10,-699.70
467,366.56,479.95,-480.20
468,364.06,480.00,-591.08
469,342.06,482.40,-532.25
470,347.23,479.60,-514.45
471,386.04,479.25,-183.54
472,367.68,481.70,-529.80
473,355.91,481.50,-364.90
474,357.16,477.80,-539.50
475,350.87,483.80,-545.65
476,390.40,480.40,-181.23
477,353.30,479.30,-488.80
478,360.57,479.00,-418.91
479,349.34,479.00,-480.90
480,373.32,477.50,-873.50
481,356.48,479.50,-853.80
482,357.00,477.30,-809.25
483,385.22,475.90,-279.50
484,343.40,475.80,-720.75
485,357.67,478.80,-715.80
486,354.77,478.30,-691.25
487,346.99,478.50,-817.45
488,362.39,479.85,-740.29
489,367.05,478.80,-830.75
490,379.88,477.75,-852.45
491,361.19,476.55,-543.65
492,363.25,481.10,-382.10
493,358.74,480.45,-532.08
494,332.26,480.10,-526.05
495,367.32,478.90,-775.40
496,359.02,480.90,-725.25
497,373.56,482.80,-485.80
498,355.74,482.85,-597.65
499,365.23,477.45,-478.00
500,359.00,481.95,-556.70
501,373.76,486.90,-779.55
502,344.23,479.40,-722.75
503,333.53,477.70,-930.00
504,365.26,482.55,-821.80
505,337.50,478.55,-739.60
506,359.56,479.30,-529.35
507,347.21,480.59,-773.28
508,346.56,477.80,-861.15
509,367.13,481.10,-476.90
510,383.98,479.55,-582.34
511,361.60,475.20,-723.83
512,361.63,478.00,-553.20
513,348.73,481.05,-456.90
514,342.07,479.70,-557.95
515,342.40,479.90,-760.10
516,336.30,478.15,-738.25
517,315.63,477.80,-818.55
518,369.79,480.25,-774.35
519,378.94,474.05,-547.30
520,367.30,482.35,-538.15
521,328.36,476.85,-813.05
522,359.77,479.45,-422.85
523,367.09,486.00,-420.40
524,355.23,484.65,-817.95
525,355.83,492.25,-489.00
526,356.50,484.85,-619.00
527,377.59,483.60,-401.70
528,335.75,486.15,-838.00
529,363.09,485.50,-943.50
530,342.84,482.55,-731.83
531,372.25,482.00,-406.75
532,352.30,483.55,-800.40
533,334.93,485.75,-579.70
534,364.46,482.25,-467.30
535,354.24,486.70,-736.00
536,363.03,491.05,-639.10
537,353.28,491.20,-627.15
538,343.57,486.55,-564.30
539,359.56,487.80,-475.40
540,332.45,482.35,-638.30
541,365.52,486.10,-696.95
542,335.23,490.80,-558.34
543,371.07,484.05,-529.80
544,378.49,492.45,-813.25
545,377.08,488.70,-228.20
546,373.82,490.85,-813.15
547,353.32,485.25,-707.45
548,358.69,489.10,-751.85
549,357.86,492.30,-874.45
550,337.51,489.95,-828.30
551,366.93,485.00,-754.60
552,359.47,491.15,-545.20
553,360.13,489.35,-673.10
554,354.84,486.50,-531.70
555,354.97,488.15,-830.60
556,371.34,486.90,-372.10
557,351.43,494.80,-842.50
558,356.91,486.10,-291.60
559,362.65,488.40,-790.00
560,371.63,492.00,-801.30
561,364.81,491.00,-741.65
562,371.73,489.15,-498.70
563,373.53,490.60,-505.65
564,377.39,493.70,-576.40
565,362.75,489.45,-698.85
566,336.33,489.50,-795.00
567,365.73,489.20,-571.80
568,334.70,484.70,-813.15
569,353.94,491.00,-382.90
570,360.55,492.70,-638.00
571,374.45,492.10,-756.80
572,357.84,489.25,-748.60
573,355.34,489.20,-385.39
574,373.41,490.30,-420.94
575,375.67,495.95,-537.95
576,370.84,490.75,-768.50
577,359.63,486.85,-513.35
578,358.02,488.80,-796.26
579,374.13,488.35,-864.30
580,369.50,486.80,-429.55
581,370.15,495.05,-459.70
582,350.24,487.40,-544.85
583,355.56,494.00,-772.65
584,378.47,490.70,-817.85
585,354.02,490.35,-811.00
586,357.52,493.35,-610.65
587,359.25,490.10,-796.15
588,360.43,488.65,-541.05
589,343.18,489.45,-754.20
590,380.02,489.25,-661.00
591,327.43,495.20,-657.75
592,382.53,492.45,-780.15
593,385.14,492.40,-897.55
594,369.49,489.00,-707.50
595,351.66,491.30,-768.40
596,372.80,489.40,-699.50
597,351.22,492.80,-689.55
598,382.43,488.80,-419.54
599,351.46,490.30,-760.75
600,364.47,488.40,-450.00
601,362.67,487.80,-500.30
602,352.60,490.60,-782.45
603,376.53,491.60,-809.00
604,353.51,495.95,-805.81
605,367.28,489.30,-300.20
606,362.64,488.90,-818.65
607,354.26,488.30,-675.90
608,369.67,488.40,-444.55
609,365.33,490.80,-503.30
610,347.30,489.65,-879.25
611,350.80,487.85,-725.25
612,358.36,488.45,-572.00
613,337.66,490.20,-581.95
614,356.68,487.70,-794.50
615,393.84,487.65,-541.15
616,359.26,491.90,-614.35
617,355.40,490.65,-855.05
618,365.38,497.50,-673.50
619,348.94,493.50,-813.55
620,359.67,496.10,-726.25
621,370.88,490.00,-514.20
622,364.10,492.30,-543.85
623,387.12,489.30,-347.80
624,380.79,488.60,-777.60
625,361.75,489.25,-751.00
626,382.07,491.80,-367.65
627,358.45,496.10,-811.45
628,373.81,490.50,-403.35
629,356.93,490.35,-827.90
630,354.20,488.05,-482.00
631,361.14,491.50,-532.86
632,379.68,498.50,-651.75
633,379.38,488.85,-677.65
634,359.32,488.20,-867.45
635,352.36,490.70,-709.45
636,363.29,494.20,-739.70
637,373.12,486.00,-630.95
638,371.53,489.05,-729.25
639,350.69,489.45,-749.20
640,351.13,494.25,-721.70
641,369.29,489.60,-547.90
642,347.27,491.80,-532.65
643,360.18,488.75,-724.65
644,379.87,488.10,-374.15
645,362.88,491.50,-563.80
646,355.65,487.40,-845.40
647,370.70,489.60,-569.20
648,359.07,490.20,-785.50
649,344.46,489.80,-778.80
650,382.53,489.75,-575.95
651,380.52,489.00,-385.30
652,365.59,494.95,-826.55
653,358.18,489.00,-831.00
654,366.48,490.90,-792.25
655,352.35,487.10,-832.05
656,385.83,490.80,-566.20
657,352.73,492.10,-891.60
658,389.83,492.00,-166.85
659,368.21,489.30,-735.35
660,372.30,488.40,-574.75
661,349.50,494.70,-721.90
662,368.86,490.20,-446.55
663,382.46,488.45,-603.05
664,373.44,489.95,-535.35
665,362.64,489.90,-618.65
666,365.57,488.45,-747.85
667,375.43,493.50,-795.90
668,394.42,489.30,-714.90
669,372.79,488.75,-726.10
670,389.48,490.15,-536.00
671,358.41,490.40,-926.95
672,365.88,490.00,-665.40
673,391.94,488.95,-512.45
674,375.54,493.90,-445.45
675,377.82,488.50,-367.05
676,352.23,488.05,-860.73
677,366.50,491.75,-404.40
678,363.57,490.65,-851.65
679,324.99,491.50,-842.60
680,361.67,491.20,-364.05
681,337.63,488.85,-872.65
682,383.33,486.70,-391.25
683,351.62,490.70,-817.00
684,346.23,492.10,-814.95
685,369.02,492.30,-513.20
686,366.09,489.60,-791.60
687,335.43,489.70,-913.25
688,370.27,487.55,-781.35
689,384.76,490.70,-430.30
690,369.80,490.80,-577.40
691,367.16,493.00,-538.70
692,398.14,496.65,-786.30
693,378.48,490.40,-597.10
694,372.91,492.20,-548.87
695,366.76,495.40,-779.00
696,371.88,493.40,-543.19
697,393.58,492.40,-582.95
698,346.94,489.70,-874.20
699,349.48,493.25,-676.80
700,361.07,489.45,-709.30
701,368.92,490.80,-586.00
702,362.77,489.45,-881.45
703,376.68,490.20,-585.55
704,384.48,492.10,-826.70
705,374.34,492.75,-858.60
706,371.29,492.20,-561.90
707,359.80,495.30,-832.15
708,374.37,490.00,-815.10
709,362.41,490.30,-846.30
710,370.20,491.20,-465.75
711,365.40,490.10,-858.25
712,354.30,491.70,-605.84
713,390.62,493.30,-409.30
714,331.70,493.20,-835.05
715,349.20,487.60,-680.88
716,377.60,490.90,-545.90
717,355.68,489.20,-543.35
718,344.99,491.70,-765.90
719,367.06,492.70,-542.65
720,371.65,490.10,-509.32
721,381.06,493.70,-852.90
722,346.52,493.90,-830.50
723,384.95,490.80,-848.70
724,352.04,493.25,-457.43
725,364.05,490.00,-819.60
726,370.63,490.60,-364.90
727,356.18,490.30,-529.95
728,345.76,490.00,-863.05
729,372.13,486.80,-441.75
730,363.65,496.20,-827.60
731,372.20,490.50,-340.50
732,351.67,493.30,-734.85
733,368.18,491.70,-424.29
734,361.98,490.20,-559.60
735,393.85,490.35,-567.85
736,397.79,494.60,-337.05
737,368.40,493.90,-788.85
738,358.39,497.30,-597.35
739,371.58,493.70,-392.20
740,388.61,489.55,-369.00
741,368.55,494.70,-576.90
742,382.89,494.90,-892.00
743,368.10,494.65,-707.05
744,387.00,494.25,-794.50
745,369.65,493.75,-862.95
746,347.78,493.80,-811.00
747,366.51,495.10,-777.15
748,346.87,492.15,-634.30
749,381.40,491.80,-758.20
750,391.07,487.60,-425.80
751,370.98,496.30,-477.40
752,344.03,495.60,-805.15
753,360.30,492.55,-565.85
754,386.22,491.75,-498.90
755,377.73,493.80,-805.00
756,362.75,495.20,-870.15
757,361.23,492.90,-838.65
758,374.50,493.30,-455.25
759,389.26,491.80,-899.00
760,365.28,491.25,-775.05
761,376.69,494.60,-516.75
762,371.28,494.20,-527.40
763,370.96,491.20,-819.60
764,376.26,488.65,-814.40
765,360.80,491.55,-849.35
766,360.64,493.70,-812.95
767,375.08,494.30,-816.45
768,384.63,492.40,-750.50
769,370.12,498.65,-818.60
770,378.07,492.10,-765.85
771,366.13,493.80,-812.05
772,382.76,491.30,-506.40
773,389.70,494.10,-797.95
774,374.37,493.45,-455.05
775,354.49,491.50,-846.90
776,351.54,496.10,-586.75
777,363.88,492.80,-854.30
778,377.52,489.50,-801.50
779,370.67,495.75,-826.30
780,365.58,491.60,-591.80
781,391.17,489.70,-665.80
782,391.84,494.90,-760.90
783,360.45,494.45,-848.20
784,361.44,496.35,-816.10
785,385.31,492.95,-244.45
786,363.95,494.90,-809.55
787,380.25,492.10,-532.90
788,369.02,496.70,-616.10
789,370.91,495.50,-769.00
790,378.17,496.40,-841.70
791,359.93,492.60,-860.35
792,378.78,492.60,-589.40
793,367.16,496.50,-845.60
794,367.00,494.00,-828.15
795,380.68,493.45,-513.14
796,370.10,492.70,-819.45
797,376.41,494.60,-493.35
798,350.07,497.40,-820.55
799,339.39,490.00,-817.24
800,364.15,497.95,-586.05
801,369.01,500.80,-754.65
802,350.39,491.05,-846.50
803,361.71,491.80,-502.89
804,385.28,492.30,-819.45
805,389.37,490.50,-578.15
806,382.20,495.30,-558.40
807,366.95,493.00,-828.20
808,357.02,493.85,-535.80
809,366.19,494.00,-564.91
810,356.00,495.40,-827.25
811,360.38,494.30,-730.40
812,377.48,492.35,-789.10
813,384.67,491.10,-481.75
814,384.62,490.10,-274.10
815,361.18,491.60,-555.75
816,374.14,493.80,-809.80
817,382.71,498.60,-546.75
818,368.51,499.10,-824.40
819,359.35,490.60,-835.55
820,354.62,494.15,-673.20
821,329.03,491.70,-786.50
822,376.34,492.15,-311.20
823,365.14,492.90,-850.20
824,399.10,491.40,-243.00
825,371.67,492.80,-835.05
826,372.95,492.90,-823.65
827,368.08,494.70,-588.75
828,387.64,498.30,-464.90
829,388.09,498.20,-864.70
830,357.78,493.90,-593.15
831,355.51,489.80,-776.25
832,362.13,495.70,-617.40
833,355.90,494.20,-584.90
834,375.80,494.30,-891.05
835,371.77,492.10,-550.85
836,371.85,491.30,-846.00
837,376.79,492.70,-456.20
838,338.51,489.70,-844.75
839,364.48,491.70,-498.15
840,367.79,493.10,-476.60
841,379.74,491.30,-578.70
842,382.13,490.20,-598.85
843,352.51,498.00,-903.72
844,362.91,493.60,-513.00
845,387.33,492.60,-588.36
846,355.95,495.45,-827.65
847,384.54,491.70,-581.95
848,367.13,497.00,-618.90
849,365.50,491.80,-468.80
850,364.19,500.40,-740.00
851,369.08,490.50,-845.75
852,358.71,493.60,-586.35
853,392.91,492.70,-805.35
854,375.96,494.00,-283.90
855,370.35,495.10,-807.70
856,335.57,492.50,-467.60
857,381.46,491.70,-823.50
858,372.81,492.50,-444.00
859,381.32,493.40,-770.15
860,385.16,495.30,-364.80
861,360.20,494.70,-528.70
862,380.79,493.20,-570.40
863,380.82,493.65,-548.20
864,377.52,494.60,-621.25
865,377.32,494.95,-545.80
866,358.29,495.80,-808.50
867,390.08,492.00,-293.95
868,369.45,494.60,-489.15
869,401.07,497.20,-678.50
870,368.87,491.65,-571.41
871,375.55,492.95,-638.30
872,360.92,491.70,-877.10
873,350.05,496.60,-862.15
874,346.02,496.00,-566.30
875,374.93,491.00,-803.65
876,361.62,493.90,-744.70
877,374.32,494.80,-698.90
878,360.93,497.50,-799.00
879,368.43,494.30,-625.60
880,354.35,491.00,-836.00
881,367.93,497.00,-490.65
882,352.19,489.70,-773.35
883,362.27,494.05,-848.05
884,359.51,491.20,-822.90
885,393.39,489.50,-545.15
886,390.16,499.60,-571.00
887,387.55,494.30,-489.95
888,348.62,497.10,-676.10
889,375.40,493.90,-801.80
890,377.65,495.00,-401.35
891,385.38,496.00,-815.45
892,384.96,495.60,-685.48
893,361.92,496.70,-736.05
894,364.60,494.00,-790.25
895,363.14,496.20,-837.75
896,368.75,492.20,-820.85
897,377.18,490.10,-446.85
898,370.21,493.60,-505.65
899,362.09,492.10,-862.90
900,392.42,495.30,-714.25
901,343.89,494.10,-838.40
902,350.48,494.80,-777.25
903,360.69,490.90,-839.55
904,363.54,492.70,-798.65
905,373.91,492.30,-817.70
906,370.22,491.05,-691.45
907,368.37,493.60,-819.70
908,366.58,492.80,-451.05
909,358.39,494.60,-783.25
910,372.20,493.50,-902.60
911,388.01,494.50,-789.60
912,375.10,492.80,-464.50
913,373.16,494.70,-562.10
914,379.41,495.90,-247.85
915,375.74,495.10,-793.00
916,374.56,494.00,-779.40
917,352.82,495.00,-900.50
918,361.64,494.20,-910.15
919,379.87,494.90,-840.70
920,375.65,492.50,-536.20
921,374.47,498.70,-590.65
922,360.01,491.35,-765.50
923,371.39,493.55,-845.60
924,368.40,494.80,-846.00
925,367.56,493.50,-782.00
926,385.14,496.10,-843.20
927,368.38,496.00,-467.50
928,380.29,491.70,-859.15
929,364.29,494.00,-832.70
930,373.83,498.40,-780.00
931,350.15,492.10,-859.45
932,361.48,493.60,-876.85
933,374.71,493.85,-678.75
934,372.67,493.45,-852.90
935,383.41,494.00,-817.05
936,348.59,490.80,-832.45
937,376.02,492.90,-290.55
938,368.45,492.90,-753.70
939,348.11,493.85,-728.45
940,361.57,497.10,-775.50
941,391.19,500.40,-274.05
942,371.81,492.30,-826.05
943,342.23,493.40,-917.55
944,366.30,496.90,-535.00
945,370.72,492.90,-760.75
946,363.14,490.35,-627.35
947,351.35,495.80,-756.05
948,362.85,497.50,-774.80
949,345.20,490.25,-912.80
950,357.20,491.10,-817.50
951,360.17,494.40,-791.35
952,351.23,498.05,-566.65
953,333.77,489.85,-621.20
954,366.57,492.35,-457.25
955,369.41,489.00,-826.45
956,342.09,492.70,-813.15
957,364.78,494.00,-482.95
958,388.19,493.00,-825.75
959,356.02,490.90,-801.00
960,369.72,495.30,-827.45
961,340.24,493.00,-801.35
962,348.45,490.35,-810.75
963,377.21,495.90,-573.10
964,384.71,493.60,-523.10
965,395.10,490.30,-812.75
966,378.02,493.20,-544.85
967,370.75,492.90,-689.78
968,362.92,493.85,-703.90
969,352.31,490.90,-822.95
970,360.57,494.00,-829.35
971,366.48,492.50,-569.75
972,374.47,497.10,-871.80
973,364.51,493.90,-481.05
974,364.12,493.60,-561.95
975,365.54,490.40,-920.65
976,363.20,493.40,-854.00
977,342.22,496.70,-822.55
978,359.19,491.10,-802.30
979,375.60,493.60,-463.30
980,363.53,496.40,-781.50
981,380.23,495.20,-512.60
982,360.86,489.90,-835.80
983,351.79,494.50,-790.85
984,372.67,495.80,-710.35
985,351.08,490.80,-704.90
986,347.75,490.70,-842.45
987,359.47,497.30,-698.20
988,355.63,493.90,-819.90
989,382.45,494.20,-384.45
990,376.46,494.80,-823.25
991,380.66,497.00,-826.25
992,353.69,493.20,-849.65
993,376.49,491.70,-825.50
994,397.85,492.55,-741.85
995,355.10,499.40,-657.25
996,382.06,491.70,-402.50
997,372.82,497.30,-532.53
998,382.61,492.90,-776.40
999,376.40,493.50,-818.90
1000,386.28,493.20,-793.45
1001,357.55,493.10,-830.05
1002,379.67,492.80,-591.45
1003,356.19,490.80,-832.45
1004,383.98,491.55,-523.45
1005,380.80,491.20,-718.35
1006,370.06,493.30,-848.45
1007,395.60,495.20,-541.90
1008,359.08,493.40,-844.25
1009,353.72,492.10,-505.55
1010,366.72,498.80,-813.00
1011,355.23,492.80,-665.90
1012,373.78,494.90,-736.85
1013,348.76,491.60,-735.70
1014,369.58,492.60,-876.75
1015,369.41,493.70,-786.10
1016,360.94,491.80,-751.30
1017,381.18,495.70,-841.35
1018,379.37,494.60,-724.80
1019,373.62,493.30,-783.93
1020,363.42,493.70,-592.65
1021,346.60,490.70,-897.25
1022,354.79,492.60,-695.50
1023,381.23,493.20,-858.40
1024,388.93,491.30,-473.05
1025,377.05,494.50,-826.00
1026,361.43,491.90,-720.95
1027,353.72,496.10,-745.50
1028,363.24,492.25,-818.95
1029,345.87,493.30,-664.50
1030,366.71,495.90,-842.95
1031,367.98,494.90,-860.45
1032,345.75,499.50,-815.73
1033,367.87,495.40,-844.55
1034,362.92,494.50,-832.90
1035,369.32,495.40,-607.50
1036,356.43,493.30,-851.05
1037,351.76,493.70,-863.25
1038,352.97,496.30,-786.85
1039,362.53,496.85,-744.45
1040,335.44,492.90,-797.80
1041,373.99,490.90,-823.75
1042,371.31,492.90,-816.40
1043,356.47,489.90,-420.55
1044,345.25,489.40,-783.35
1045,380.70,495.10,-589.05
1046,333.57,497.00,-845.39
1047,388.26,491.00,-507.45
1048,382.65,496.65,-539.75
1049,365.51,492.90,-895.70
1050,346.36,493.65,-814.20
1051,344.96,492.50,-832.00
1052,356.31,498.10,-817.50
1053,352.80,494.45,-529.35
1054,364.93,488.75,-700.31
1055,385.73,490.50,-721.20
1056,389.11,493.90,-805.85
1057,358.58,492.90,-558.80
1058,392.39,493.70,-505.20
1059,357.94,496.25,-879.05
1060,363.42,490.50,-708.55
1061,364.39,491.10,-759.90
1062,338.79,492.85,-830.10
1063,348.30,494.60,-789.50
1064,370.68,491.65,-771.40
1065,385.43,493.00,-604.75
1066,388.14,491.20,-546.45
1067,350.69,500.00,-540.35
1068,362.92,490.70,-827.15
1069,354.72,492.55,-811.55
1070,352.15,493.60,-880.85
1071,365.52,493.75,-781.65
1072,373.07,490.95,-758.60
1073,350.48,498.90,-880.95
1074,368.51,497.20,-810.45
1075,378.27,494.35,-522.15
1076,380.60,493.40,-760.20
1077,367.63,492.50,-564.90
1078,350.28,491.60,-863.45
1079,360.03,496.90,-826.55
1080,382.84,492.50,-499.65
1081,359.55,496.50,-826.60
1082,377.76,496.35,-489.45
1083,359.20,496.10,-481.95
1084,388.52,494.75,-885.05
1085,374.39,492.90,-776.05
1086,365.65,490.90,-820.60
1087,384.01,490.75,-696.95
1088,368.22,495.20,-879.50
1089,367.24,497.00,-596.35
1090,353.82,494.90,-805.90
1091,380.88,494.00,-389.66
1092,350.93,494.90,-479.60
1093,355.89,489.85,-870.50
1094,378.13,491.25,-795.70
1095,363.06,490.15,-757.75
1096,364.28,496.75,-790.15
1097,377.03,499.70,-694.20
1098,360.78,497.40,-558.58
1099,364.03,491.00,-537.10
1100,391.11,492.35,-228.30
1101,385.39,489.25,-460.70
1102,354.25,496.55,-768.30
1103,359.53,491.15,-814.85
1104,348.74,497.65,-744.45
1105,385.61,489.90,-895.55
1106,363.95,490.45,-546.25
1107,374.22,496.20,-878.60
1108,377.70,490.55,-519.60
1109,378.78,490.60,-761.10
1110,378.94,491.40,-752.25
1111,390.66,498.95,-764.10
1112,369.55,495.00,-543.35
1113,384.19,492.00,-861.10
1114,377.80,493.10,-735.60
1115,352.71,496.90,-669.40
1116,370.34,490.80,-807.30
1117,350.78,497.20,-827.55
1118,377.62,494.00,-834.25
1119,362.60,496.80,-569.51
1120,374.15,496.20,-493.90
1121,367.29,492.50,-685.20
1122,386.16,490.60,-508.60
1123,373.56,493.60,-754.45
1124,390.19,495.50,-534.80
1125,368.84,497.80,-574.50
1126,387.94,494.60,-789.20
1127,387.81,492.65,-759.10
1128,373.01,496.30,-632.30
1129,396.82,494.60,-586.45
1130,355.35,496.70,-784.10
1131,376.46,491.05,-899.55
1132,356.15,490.60,-802.55
1133,368.66,492.30,-730.45
1134,385.20,493.70,-874.35
1135,359.59,491.80,-578.15
1136,368.07,498.25,-443.30
1137,381.99,492.85,-494.85
1138,392.04,491.10,-682.55
1139,358.40,496.85,-752.05
1140,361.54,494.55,-805.30
1141,385.15,491.40,-446.85
1142,351.94,493.70,-801.95
1143,360.38,494.40,-789.70
1144,368.87,490.80,-647.75
1145,370.67,496.90,-467.15
1146,360.07,494.60,-771.90
1147,340.88,492.20,-707.45
1148,372.67,493.95,-834.33
1149,372.18,490.70,-698.70
1150,364.76,493.60,-808.65
1151,379.76,493.90,-475.95
1152,376.58,497.15,-605.10
1153,381.29,494.65,-860.35
1154,379.19,496.25,-412.55
1155,357.31,493.60,-460.65
1156,342.15,495.50,-594.30
1157,366.27,489.30,-443.90
1158,362.20,493.25,-773.35
1159,367.01,488.60,-610.10
1160,364.18,492.80,-775.20
1161,384.31,496.60,-867.34
1162,388.42,491.85,-740.12
1163,376.52,493.75,-301.70
1164,349.74,492.35,-889.75
1165,390.99,493.60,-330.00
1166,368.82,497.65,-792.80
1167,343.16,492.15,-891.58
1168,370.37,494.05,-538.50
1169,365.21,490.15,-674.70
1170,362.93,494.50,-423.82
1171,382.55,494.00,-455.30
1172,368.18,493.85,-806.15
1173,377.96,489.75,-603.95
1174,359.24,492.50,-811.00
1175,368.03,490.30,-760.10
1176,374.26,493.65,-677.13
1177,350.66,494.30,-432.30
1178,382.67,496.15,-438.40
1179,346.29,490.40,-693.40
1180,355.03,492.25,-734.70
1181,386.15,492.30,-435.55
1182,337.02,495.00,-818.75
1183,384.53,494.50,-591.70
1184,380.27,492.85,-524.05
1185,374.81,491.30,-525.55
1186,355.73,495.45,-593.40
1187,362.94,497.40,-588.35
1188,358.79,492.30,-756.10
1189,341.52,498.70,-791.40
1190,349.21,491.75,-761.10
1191,383.76,492.20,-835.25
1192,378.54,492.90,-841.40
1193,363.69,492.15,-694.85
1194,369.15,489.85,-574.10
1195,369.06,493.80,-713.55
1196,364.77,492.10,-532.40
1197,389.03,491.30,-778.75
1198,399.18,492.90,-464.00
1199,381.32,493.70,-428.50
1200,379.78,494.65,-535.35
1201,387.15,493.65,-577.44
1202,391.96,490.00,-701.40
1203,363.00,492.00,-666.52
1204,365.30,490.20,-537.45
1205,373.23,496.80,-757.70
1206,370.08,493.35,-327.60
1207,381.81,497.50,-576.00
1208,381.61,493.80,-510.50
1209,377.68,490.05,-636.50
1210,379.84,493.90,-700.85
1211,399.83,493.00,-155.05
1212,354.77,494.65,-664.20
1213,353.53,492.70,-563.90
1214,398.08,494.10,-780.45
1215,380.54,495.45,-886.85
1216,356.19,491.80,-811.80
1217,386.23,494.30,-804.35
1218,349.57,495.90,-682.35
1219,369.21,491.95,-566.65
1220,374.49,494.40,-714.50
1221,388.58,493.75,-541.55
1222,355.00,496.70,-847.80
1223,391.31,496.95,-653.90
1224,383.66,494.65,-485.95
1225,360.96,494.50,-579.79
1226,374.34,497.75,-571.85
1227,349.34,495.80,-583.20
1228,363.58,495.40,-776.60
1229,369.08,493.35,-799.85
1230,360.12,494.40,-720.55
1231,384.83,500.95,-840.45
1232,362.73,492.25,-878.01
1233,368.28,494.05,-560.40
1234,345.62,491.00,-762.00
1235,367.83,491.55,-573.50
1236,381.76,491.90,-838.70
1237,355.40,494.20,-812.70
1238,377.84,495.05,-763.75
1239,371.31,494.70,-800.05
1240,370.84,493.10,-846.05
1241,378.67,493.10,-869.15
1242,354.13,493.35,-568.75
1243,379.77,494.15,-578.25
1244,363.62,494.60,-772.40
1245,363.14,492.00,-610.85
1246,376.35,489.95,-824.25
1247,375.41,492.05,-553.60
1248,362.67,495.60,-837.45
1249,381.73,491.75,-821.80
1250,364.64,494.35,-807.05
1251,372.46,490.25,-332.25
1252,380.68,490.80,-447.80
1253,368.72,493.30,-471.30
1254,384.96,497.60,-897.45
1255,384.37,492.40,-823.55
1256,366.58,495.95,-802.05
1257,346.76,495.00,-850.60
1258,387.93,492.35,-461.90
1259,361.24,492.95,-877.15
1260,386.90,493.80,-791.80
1261,349.79,497.70,-881.05
1262,363.29,491.50,-629.85
1263,390.55,491.40,-360.15
1264,374.12,498.15,-524.70
1265,384.83,490.15,-231.90
1266,370.52,495.20,-685.95
1267,378.23,492.70,-807.97
1268,377.86,493.85,-832.35
1269,364.39,495.25,-838.00
1270,370.41,497.00,-775.85
1271,349.29,494.30,-920.75
1272,354.38,491.75,-503.60
1273,367.82,494.20,-764.30
1274,363.39,491.05,-708.30
1275,350.01,493.55,-677.25
1276,359.90,493.25,-816.80
1277,370.31,501.65,-628.50
1278,384.83,492.95,-737.30
1279,359.95,492.15,-557.35
1280,363.81,494.90,-773.70
1281,388.48,493.55,-821.25
1282,360.57,494.65,-841.40
1283,362.76,489.80,-835.50
1284,391.33,493.55,-882.50
1285,365.66,492.05,-570.20
1286,360.81,494.15,-868.15
1287,348.38,501.00,-589.00
1288,378.51,492.75,-550.95
1289,344.02,494.15,-621.85
1290,376.63,490.45,-901.70
1291,402.11,494.45,-805.85
1292,344.00,489.10,-865.75
1293,354.50,489.40,-663.90
1294,356.85,499.00,-830.95
1295,355.42,495.55,-791.55
1296,378.80,492.35,-569.90
1297,371.72,494.00,-882.40
1298,375.66,492.20,-400.10
1299,366.75,494.75,-863.75
1300,367.56,494.10,-470.90
1301,374.30,494.55,-575.75
1302,373.54,492.50,-846.90
1303,367.78,493.40,-615.75
1304,355.93,496.90,-583.30
1305,361.82,489.95,-829.80
1306,351.51,491.70,-598.35
1307,367.58,491.70,-513.10
1308,374.68,492.00,-416.60
1309,382.38,491.95,-812.15
1310,389.89,494.25,-812.40
1311,373.79,490.75,-617.05
1312,362.69,492.20,-792.70
1313,375.86,494.00,-452.10
1314,380.03,492.20,-809.65
1315,353.53,491.20,-857.30
1316,360.00,490.05,-541.40
1317,372.51,490.35,-559.30
1318,385.76,494.05,-536.45
1319,368.20,494.90,-832.25
1320,357.79,492.15,-828.35
1321,370.47,492.75,-827.45
1322,340.91,494.05,-728.95
1323,374.45,491.95,-838.20
1324,347.45,495.90,-541.30
1325,348.03,495.10,-758.15
1326,369.84,494.45,-592.05
1327,362.32,492.70,-872.30
1328,373.14,496.35,-894.00
1329,356.98,491.10,-625.70
1330,389.24,493.45,-827.55
1331,356.41,494.55,-769.47
1332,365.17,493.05,-595.20
1333,380.72,492.65,-681.55
1334,366.11,492.70,-691.90
1335,370.84,490.30,-626.95
1336,387.61,492.65,-723.00
1337,366.58,488.90,-563.55
1338,349.33,492.20,-569.05
1339,380.24,494.15,-592.95
1340,349.96,496.65,-819.00
1341,353.09,495.40,-901.85
1342,399.44,494.30,-519.30
1343,366.23,493.25,-555.50
1344,377.56,492.05,-836.95
1345,385.52,489.70,-852.80
1346,346.72,494.75,-740.70
1347,379.48,493.65,-848.15
1348,361.27,490.65,-780.86
1349,364.55,493.30,-826.35
1350,360.09,492.35,-769.90
1351,358.45,489.25,-778.60
1352,339.06,497.15,-885.25
1353,350.69,494.05,-768.25
1354,363.13,497.25,-592.85
1355,367.19,490.75,-574.50
1356,372.87,488.75,-834.25
1357,398.40,490.30,-490.75
1358,394.13,493.65,-571.95
1359,384.14,491.50,-583.85
1360,372.06,491.25,-896.65
1361,380.01,491.60,-788.25
1362,369.46,495.95,-533.20
1363,361.60,490.50,-612.95
1364,385.94,495.10,-482.40
1365,342.72,490.40,-598.75
1366,359.13,491.80,-856.65
1367,388.85,489.50,-86.31
1368,355.31,492.25,-721.70
1369,376.47,494.25,-371.80
1370,368.06,492.25,-789.65
1371,387.76,496.40,-759.45
1372,369.65,495.70,-573.50
1373,376.54,492.30,-611.90
1374,406.91,490.55,-366.75
1375,357.19,499.70,-834.40
1376,386.74,494.10,-532.90
1377,361.22,492.95,-867.35
1378,353.02,491.70,-912.45
1379,364.11,492.00,-839.80
1380,384.60,493.30,-822.60
1381,367.81,489.85,-853.50
1382,391.93,495.45,-599.05
1383,360.68,502.80,-756.20
1384,389.16,496.85,-616.70
1385,371.00,491.95,-565.45
1386,382.29,489.60,-611.88
1387,355.33,491.95,-864.95
1388,369.60,493.40,-871.00
1389,337.09,490.00,-846.10
1390,390.88,495.30,-785.75
1391,386.24,490.50,-549.60
1392,390.19,489.90,-519.15
1393,366.69,495.15,-851.65
1394,357.71,491.55,-806.20
1395,383.26,491.90,-317.90
1396,381.94,499.00,-505.95
1397,371.09,492.85,-876.40
1398,364.93,493.70,-839.25
1399,359.36,494.80,-452.70
1400,352.13,494.15,-776.40
1401,361.82,489.85,-477.20
1402,373.93,493.75,-758.25
1403,379.81,489.80,-628.90
1404,350.01,490.95,-850.95
1405,389.10,494.30,-364.00
1406,370.37,490.15,-822.75
1407,376.99,494.15,-784.10
1408,362.77,493.65,-836.70
1409,376.38,498.65,-580.25
1410,373.29,492.70,-519.35
1411,403.22,495.30,-403.20
1412,370.49,494.30,-613.50
1413,364.79,493.00,-809.45
1414,361.10,491.65,-796.45
1415,346.96,492.00,-872.55
1416,387.64,490.15,-508.40
1417,329.32,494.80,-804.75
1418,349.87,491.05,-533.20
1419,386.89,496.65,-554.05
1420,367.50,498.80,-698.80
1421,373.63,494.10,-865.20
1422,335.64,490.05,-832.85
1423,349.00,495.65,-824.25
1424,373.71,496.45,-627.90
1425,341.37,492.10,-885.05
1426,362.39,493.75,-843.50
1427,357.92,490.85,-864.36
1428,360.74,496.60,-447.65
1429,380.19,492.85,-746.35
1430,366.73,492.35,-615.45
1431,350.69,491.80,-455.95
1432,390.09,493.85,-650.25
1433,378.03,496.80,-714.50
1434,361.59,489.85,-550.25
1435,371.99,491.90,-831.10
1436,378.16,494.85,-601.10
1437,371.85,498.80,-800.95
1438,363.07,495.65,-558.20
1439,378.41,491.05,-780.65
1440,361.58,498.40,-824.30
1441,374.55,492.25,-554.45
1442,342.25,496.15,-778.45
1443,348.47,492.45,-793.50
1444,356.72,494.15,-474.45
1445,379.16,494.10,-766.80
1446,361.36,496.25,-344.40
1447,379.00,491.00,-807.90
1448,371.17,493.90,-843.40
1449,372.11,496.25,-412.75
1450,360.28,492.65,-804.40
1451,344.08,492.60,-615.65
1452,363.54,491.80,-758.70
1453,371.00,494.95,-637.72
1454,384.44,489.70,-506.00
1455,385.87,493.85,-447.00
1456,331.15,495.45,-808.45
1457,367.66,495.15,-593.55
1458,360.28,498.55,-666.50
1459,379.48,493.80,-570.20
1460,337.91,491.50,-887.90
1461,335.84,489.50,-828.45
1462,374.18,492.55,-378.05
1463,374.81,492.50,-558.15
1464,373.82,494.90,-590.38
1465,365.75,489.60,-726.95
1466,371.17,489.30,-503.20
1467,380.80,494.50,-468.75
1468,396.62,489.90,-222.75
1469,362.43,495.40,-843.65
1470,380.84,494.20,-584.15
1471,379.83,493.50,-787.70
1472,377.49,490.75,-599.02
1473,375.43,490.70,-763.85
1474,364.27,493.20,-804.00
1475,388.12,493.60,-456.95
1476,354.31,491.45,-723.78
1477,362.00,496.45,-765.10
1478,356.41,495.45,-832.85
1479,388.80,494.20,-338.45
1480,350.14,489.90,-730.65
1481,350.66,494.95,-763.45
1482,372.56,490.55,-728.40
1483,394.17,494.55,-805.30
1484,382.21,492.60,-513.50
1485,355.49,495.70,-548.95
1486,369.68,491.75,-843.65
1487,344.98,492.40,-693.25
1488,351.27,500.95,-871.05
1489,346.42,492.30,-753.70
1490,361.31,493.75,-854.20
1491,374.57,492.70,-768.15
1492,372.49,492.55,-552.83
1493,379.70,495.15,-661.05
1494,367.34,492.55,-826.40
1495,364.92,496.05,-859.35
1496,402.03,495.65,-572.50
1497,377.55,493.55,-508.50
1498,388.95,489.75,-483.76
1499,365.04,493.70,-838.40
1500,391.49,496.25,-534.30
1501,377.44,493.85,-491.25
1502,380.89,496.05,-188.65
1503,388.73,492.65,-864.50
1504,378.57,492.60,-862.30
1505,387.31,489.80,-515.01
1506,389.06,494.15,-788.35
1507,384.92,490.05,-203.20
1508,356.55,492.45,-581.15
1509,385.97,494.70,-541.65
1510,376.73,492.00,-575.00
1511,366.60,489.85,-836.75
1512,362.44,497.10,-473.45
1513,374.11,493.05,-816.25
1514,356.32,492.85,-787.85
1515,380.04,490.60,-241.40
1516,363.14,492.45,-532.25
1517,385.46,490.85,-565.75
1518,376.18,493.55,-708.07
1519,379.77,491.95,-834.65
1520,375.58,494.85,-823.45
1521,372.27,491.35,-458.55
1522,366.78,490.65,-650.85
1523,388.62,493.25,-518.95
1524,384.80,494.55,-462.80
1525,349.55,491.95,-842.15
1526,361.13,498.45,-867.35
1527,362.12,493.85,-813.85
1528,387.76,490.45,-277.95
1529,383.92,498.25,-882.75
1530,361.85,489.90,-687.80
1531,346.95,496.20,-557.66
1532,366.89,492.70,-627.00
1533,371.59,494.30,-795.35
1534,384.82,490.05,-265.60
1535,376.42,494.05,-488.80
1536,338.38,492.35,-842.95
1537,378.47,494.25,-682.05
1538,368.29,495.80,-507.05
1539,368.06,493.45,-872.45
1540,386.96,493.95,-594.25
1541,373.02,493.20,-762.70
1542,337.46,490.20,-883.70
1543,376.36,494.80,-510.30
1544,367.38,496.40,-775.50
1545,362.86,495.05,-857.10
1546,376.88,492.90,-896.65
1547,352.01,492.55,-635.55
1548,370.42,495.35,-750.10
1549,370.39,491.95,-623.75
1550,375.30,492.90,-574.70
1551,392.39,492.70,-584.64
1552,345.02,490.15,-530.35
1553,352.34,494.10,-872.40
1554,359.83,492.55,-845.10
1555,363.36,490.45,-511.05
1556,377.69,494.60,-702.15
1557,382.26,495.85,-621.55
1558,349.88,493.65,-860.45
1559,391.35,495.60,-870.65
1560,354.14,492.00,-826.40
1561,367.59,492.20,-814.80
1562,373.89,491.10,-809.20
1563,390.81,490.40,-435.50
1564,380.14,490.95,-357.20
1565,377.49,492.55,-895.85
1566,348.20,496.00,-637.49
1567,376.26,493.65,-501.15
1568,380.01,493.65,-874.25
1569,368.20,498.05,-761.20
1570,359.61,496.40,-895.55
1571,363.27,490.50,-868.80
1572,374.43,494.20,-584.45
1573,368.83,497.15,-779.85
1574,364.85,491.65,-844.90
1575,363.65,493.10,-806.70
1576,388.72,495.55,-317.65
1577,372.19,491.20,-464.45
1578,348.51,491.40,-795.90
1579,377.18,493.40,-854.75
1580,402.51,495.25,-238.30
1581,357.12,490.60,-815.15
1582,385.51,493.90,-295.55
1583,382.84,496.40,-809.95
1584,383.34,492.55,-481.35
1585,396.38,490.95,-328.45
1586,377.29,493.85,-612.50
1587,392.40,492.00,-562.90
1588,382.30,496.55,-845.40
1589,392.86,490.15,-783.35
1590,371.33,494.20,-857.55
1591,359.91,492.10,-868.35
1592,382.83,493.80,-551.25
1593,371.59,494.50,-860.30
1594,368.01,491.30,-838.00
1595,380.05,491.45,-803.65
1596,368.90,491.05,-570.20
1597,370.71,490.40,-899.40
1598,376.04,493.95,-586.00
1599,365.13,492.60,-828.50
1600,376.64,497.65,-550.30
1601,374.33,494.40,-563.35
1602,358.58,493.85,-793.75
1603,374.00,494.20,-587.10
1604,356.41,496.75,-828.00
1605,373.93,493.10,-500.64
1606,365.31,493.15,-528.60
1607,354.72,493.70,-511.49
1608,343.29,498.80,-858.55
1609,356.54,491.10,-552.60
1610,371.17,490.55,-571.80
1611,386.25,498.10,-691.40
1612,349.80,493.80,-606.15
1613,387.96,494.80,-601.25
1614,351.58,492.05,-647.92
1615,361.86,493.40,-717.05
1616,365.52,493.10,-564.65
1617,374.41,494.35,-562.50
1618,360.53,495.20,-688.35
1619,372.45,495.05,-803.15
1620,362.61,492.75,-807.85
1621,379.66,493.15,-857.70
1622,366.01,493.20,-503.42
1623,334.28,491.00,-811.20
1624,359.43,492.65,-829.25
1625,391.95,495.35,-654.65
1626,365.24,490.70,-808.20
1627,335.56,495.10,-776.05
1628,359.01,494.30,-800.65
1629,372.03,494.50,-566.55
1630,346.97,494.70,-729.35
1631,391.58,493.75,-810.10
1632,366.64,493.35,-842.10
1633,391.54,492.45,-834.95
1634,376.16,492.60,-749.60
1635,366.39,493.05,-456.15
1636,365.61,492.35,-631.50
1637,349.88,491.85,-782.10
1638,375.73,490.75,-643.10
1639,361.50,498.10,-604.50
1640,371.45,490.95,-664.65
1641,369.06,493.95,-798.80
1642,340.24,494.00,-711.40
1643,358.60,492.25,-602.80
1644,360.43,492.30,-802.05
1645,369.39,489.40,-773.60
1646,384.92,490.75,-637.95
1647,332.63,494.50,-809.05
1648,348.28,495.75,-747.40
1649,369.13,492.45,-401.80
1650,363.61,490.85,-754.80
1651,382.42,494.45,-488.05
1652,386.16,494.70,-814.70
1653,362.51,492.50,-725.75
1654,385.44,493.20,-570.45
1655,414.14,493.55,-274.28
1656,356.09,498.65,-806.65
1657,357.28,493.40,-781.90
1658,378.89,494.60,-581.56
1659,398.87,491.95,-508.75
1660,362.02,493.05,-463.85
1661,367.12,498.75,-741.20
1662,360.27,496.05,-775.05
1663,359.87,493.90,-607.15
1664,341.09,496.00,-751.15
1665,348.58,493.00,-798.60
1666,355.27,492.90,-740.60
1667,370.56,494.10,-627.60
1668,369.25,493.05,-823.65
1669,366.76,496.90,-550.65
1670,372.18,497.60,-502.55
1671,381.94,492.50,-765.45
1672,384.70,493.00,-708.90
1673,355.36,490.80,-568.05
1674,362.29,491.80,-514.35
1675,387.45,493.30,-441.05
1676,371.21,496.85,-645.25
1677,370.60,492.45,-752.35
1678,359.88,491.15,-813.50
1679,369.49,494.15,-722.80
1680,370.45,493.65,-804.55
1681,373.34,492.50,-655.60
1682,361.97,497.75,-552.40
1683,349.63,495.80,-809.75
1684,394.72,493.15,-438.60
1685,374.44,500.60,-821.75
1686,370.75,491.50,-733.85
1687,369.96,493.90,-802.60
1688,373.76,494.85,-560.69
1689,362.43,490.30,-572.55
1690,383.44,493.55,-790.65
1691,369.24,492.80,-732.05
1692,364.73,491.65,-924.05
1693,371.85,496.40,-780.75
1694,359.02,491.70,-761.15
1695,325.37,492.15,-736.50
1696,366.92,492.70,-831.45
1697,375.13,491.85,-589.30
1698,323.73,492.70,-802.00
1699,340.86,491.90,-776.08
1700,365.95,490.75,-762.70
1701,376.11,490.90,-615.00
1702,378.24,497.55,-736.35
1703,365.91,490.65,-785.70
1704,360.14,493.75,-797.80
1705,390.39,491.70,-834.15
1706,349.85,491.70,-707.45
1707,383.33,495.60,-814.40
1708,367.62,491.30,-802.95
1709,369.76,493.20,-773.90
1710,375.84,496.05,-681.60
1711,359.09,492.20,-869.35
1712,348.98,493.20,-897.70
1713,388.35,493.00,-814.05
1714,349.10,491.20,-594.90
1715,350.89,490.85,-596.75
1716,361.80,490.90,-775.20
1717,377.74,495.00,-500.55
1718,349.01,493.50,-754.55
1719,383.39,495.15,-401.80
1720,376.46,491.10,-812.75
1721,377.51,495.65,-518.95
1722,353.69,495.25,-849.50
1723,375.04,494.10,-475.70
1724,366.53,492.90,-775.35
1725,364.58,495.00,-742.45
1726,356.41,493.60,-569.85
1727,359.21,491.25,-782.05
1728,369.77,496.35,-527.70
1729,375.63,497.00,-752.50
1730,363.75,491.15,-593.60
1731,371.29,491.50,-632.80
1732,347.32,492.30,-751.10
1733,336.08,493.10,-823.75
1734,361.83,494.05,-799.10
1735,360.77,492.05,-514.65
1736,367.67,490.25,-642.60
1737,380.26,492.50,-300.55
1738,351.57,496.10,-567.85
1739,358.21,493.20,-742.90
1740,382.80,494.50,-453.65
1741,362.57,492.00,-788.55
1742,375.85,493.80,-790.54
1743,376.50,495.55,-429.12
1744,374.81,492.00,-774.70
1745,391.62,492.70,-628.40
1746,366.63,495.55,-797.70
1747,384.99,496.45,-809.50
1748,342.74,495.80,-622.45
1749,390.88,492.10,-717.00
1750,390.50,493.90,-363.55
1751,380.44,497.10,-815.15
1752,362.66,496.95,-828.50
1753,380.35,493.80,-709.85
1754,377.61,493.15,-537.35
1755,341.41,493.35,-829.25
1756,337.88,498.60,-739.05
1757,369.23,492.80,-815.30
1758,337.57,494.00,-474.50
1759,366.65,496.30,-432.95
1760,351.92,499.50,-805.30
1761,358.88,497.30,-666.75
1762,357.12,493.50,-798.75
1763,362.49,496.40,-467.00
1764,379.09,492.50,-445.30
1765,390.39,495.70,-618.50
1766,371.83,498.40,-532.05
1767,366.03,492.30,-528.80
1768,350.80,490.45,-862.45
1769,386.33,491.70,-291.39
1770,366.91,494.75,-745.40
1771,349.38,492.70,-504.80
1772,370.35,493.20,-809.82
1773,362.14,491.60,-818.60
1774,380.96,500.10,-727.15
1775,380.41,494.00,-728.45
1776,365.31,493.70,-635.55
1777,367.19,490.80,-747.15
1778,368.99,493.80,-788.70
1779,385.01,493.90,-550.00
1780,338.37,497.00,-704.25
1781,333.47,490.40,-787.75
1782,381.72,492.40,-497.25
1783,346.85,495.60,-828.85
1784,379.68,493.15,-752.90
1785,375.77,490.10,-768.55
1786,339.16,492.00,-769.15
1787,392.41,497.40,-454.70
1788,386.93,496.55,-470.20
1789,368.47,498.20,-692.60
1790,382.41,491.50,-632.35
1791,364.68,492.80,-757.05
1792,400.90,494.95,-577.75
1793,364.98,492.20,-810.35
1794,355.63,495.60,-920.60
1795,357.54,493.95,-789.55
1796,377.86,494.10,-565.06
1797,379.24,494.70,-626.05
1798,391.31,495.30,-602.80
1799,349.18,494.95,-647.85
1800,380.18,497.40,-481.60
1801,350.88,493.60,-881.65
1802,383.96,495.00,-838.85
1803,365.92,492.60,-835.45
1804,371.41,492.75,-731.00
1805,366.73,491.95,-452.19
1806,345.64,495.20,-833.70
1807,404.45,498.50,-511.40
1808,371.61,493.55,-719.45
1809,372.49,494.60,-809.35
1810,368.43,493.45,-844.15
1811,369.63,494.60,-628.00
1812,360.06,494.60,-565.05
1813,362.37,495.25,-769.45
1814,382.15,496.80,-574.10
1815,366.88,492.30,-451.00
1816,371.96,494.30,-840.80
1817,337.51,493.95,-522.30
1818,406.63,492.75,-281.42
1819,376.28,494.00,-489.70
1820,352.23,493.25,-577.50
1821,337.89,493.35,-807.75
1822,362.72,494.70,-761.71
1823,373.37,494.45,-460.30
1824,343.98,490.95,-812.20
1825,338.16,496.25,-795.30
1826,371.20,496.70,-542.43
1827,373.60,492.55,-613.21
1828,340.27,493.20,-814.30
1829,371.68,492.10,-458.85
1830,364.44,500.00,-581.55
1831,382.39,493.45,-678.80
1832,383.27,497.15,-553.55
1833,393.05,492.40,-800.10
1834,380.20,492.70,-413.20
1835,392.59,494.70,-277.75
1836,364.66,490.75,-814.40
1837,363.98,493.35,-538.45
1838,368.50,496.40,-630.20
1839,330.48,492.90,-738.81
1840,371.92,487.50,-766.80
1841,379.43,492.15,-589.90
1842,342.54,496.95,-840.45
1843,348.00,491.20,-818.05
1844,349.53,494.40,-628.80
1845,354.39,494.55,-843.25
1846,373.97,491.95,-551.27
1847,383.42,497.00,-793.75
1848,347.81,492.20,-837.60
1849,380.13,497.80,-772.85
1850,384.72,491.30,-424.30
1851,362.87,491.70,-562.95
1852,368.89,494.75,-823.35
1853,383.63,494.10,-828.30
1854,362.86,491.90,-585.40
1855,361.95,495.45,-682.15
1856,362.28,491.50,-833.50
1857,394.43,494.25,-567.98
1858,345.00,491.30,-746.15
1859,359.63,494.80,-781.15
1860,347.81,496.40,-746.40
1861,397.61,493.00,-302.80
1862,367.31,500.55,-809.20
1863,384.62,495.95,-636.25
1864,379.03,494.10,-276.10
1865,368.23,495.00,-702.80
1866,350.05,491.60,-758.60
1867,363.29,496.60,-791.40
1868,364.03,494.75,-601.80
1869,393.80,492.65,-509.60
1870,333.65,493.35,-784.60
1871,369.39,493.40,-581.40
1872,346.07,495.35,-801.75
1873,370.65,498.25,-481.25
1874,366.37,493.00,-610.25
1875,377.73,494.00,-831.15
1876,381.09,493.70,-357.75
1877,344.84,492.15,-797.90
1878,344.40,493.40,-766.95
1879,355.66,493.40,-653.90
1880,371.78,494.75,-136.95
1881,362.68,501.40,-671.90
1882,377.45,492.20,-552.10
1883,371.89,496.55,-649.13
1884,363.82,499.50,-827.95
1885,353.60,495.85,-809.30
1886,385.56,493.90,-548.65
1887,363.18,493.85,-740.75
1888,377.78,492.50,-507.85
1889,355.73,495.10,-797.85
1890,351.19,494.25,-817.85
1891,361.38,495.15,-844.40
1892,377.80,493.20,-868.55
1893,376.67,492.55,-822.85
1894,375.94,491.65,-739.45
1895,403.71,492.75,-125.45
1896,385.65,494.35,-782.05
1897,394.50,492.10,-275.75
1898,370.60,495.35,-670.95
1899,371.00,494.30,-678.70
1900,373.02,494.60,-783.65
1901,356.93,496.80,-849.23
1902,374.84,492.80,-425.95
1903,354.74,493.65,-859.55
1904,373.11,495.80,-757.80
1905,324.06,495.70,-555.60
1906,381.22,501.60,-844.85
1907,385.70,493.35,-533.30
1908,378.38,493.35,-800.70
1909,388.70,492.90,-501.65
1910,360.17,492.00,-814.10
1911,369.60,492.70,-318.20
1912,352.35,491.90,-879.95
1913,362.96,493.70,-758.65
1914,376.96,493.45,-838.10
1915,371.94,496.60,-476.90
1916,369.55,497.25,-787.35
1917,359.88,491.55,-628.85
1918,385.64,496.20,-629.45
1919,347.32,496.50,-593.35
1920,369.04,500.10,-735.05
1921,379.51,489.60,-737.20
1922,369.53,495.25,-729.40
1923,368.45,496.60,-511.85
1924,378.14,495.65,-316.50
1925,348.62,494.00,-643.85
1926,368.31,493.65,-830.60
1927,350.26,494.25,-833.10
1928,353.63,491.90,-869.35
1929,374.50,493.45,-516.55
1930,384.65,498.45,-775.55
1931,372.60,495.70,-809.75
1932,387.82,493.40,-410.55
1933,341.80,498.70,-816.60
1934,378.18,495.05,-242.20
1935,371.04,494.30,-521.95
1936,345.63,494.30,-606.70
1937,372.08,497.35,-611.55
1938,383.71,494.75,-218.90
1939,376.35,494.25,-761.35
1940,349.59,494.50,-839.65
1941,369.40,497.60,-815.85
1942,369.90,493.70,-790.35
1943,343.93,492.20,-684.10
1944,381.24,496.80,-632.30
1945,359.88,494.40,-612.25
1946,369.05,495.50,-519.95
1947,373.37,495.15,-453.50
1948,381.81,491.15,-502.45
1949,371.14,493.30,-522.85
1950,389.54,496.60,-642.40
1951,384.15,492.10,-569.15
1952,374.26,493.20,-754.30
1953,377.77,494.45,-767.90
1954,382.93,498.10,-611.58
1955,356.81,493.90,-793.95
1956,343.32,496.55,-815.75
1957,387.89,498.00,-720.10
1958,358.53,497.50,-873.90
1959,378.58,493.50,-843.85
1960,363.96,493.60,-821.90
1961,377.41,496.60,-794.35
1962,390.36,493.60,-447.10
1963,363.23,492.90,-728.89
1964,396.26,495.80,-831.75
1965,383.88,496.35,-503.70
1966,366.68,493.25,-638.50
1967,353.94,492.20,-636.95
1968,361.66,492.30,-603.40
1969,357.54,494.35,-796.60
1970,365.42,494.30,-702.15
1971,359.47,497.40,-847.15
1972,356.50,491.15,-611.95
1973,374.02,493.20,-879.65
1974,373.86,495.55,-495.80
1975,349.54,497.00,-797.15
1976,361.86,494.20,-505.60
1977,354.63,492.40,-856.45
1978,379.62,494.90,-834.20
1979,384.38,499.70,-757.00
1980,379.98,494.00,-837.60
1981,376.58,493.35,-827.45
1982,380.57,492.70,-589.00
1983,376.21,492.80,-511.60
1984,346.61,496.00,-783.15
1985,362.40,494.00,-809.00
1986,348.96,492.60,-718.00
1987,373.27,500.20,-380.40
1988,347.94,493.05,-741.37
1989,371.72,496.40,-603.00
1990,390.04,495.35,-441.40
1991,390.36,495.15,-490.60
1992,374.91,493.80,-661.80
1993,377.98,491.90,-813.00
1994,361.08,492.25,-644.25
1995,369.79,497.15,-481.40
1996,357.99,491.55,-584.70
1997,386.65,497.80,-804.65
1998,375.07,496.10,-704.40
1999,362.34,497.40,-553.90
